SUCURSAL,AÑO,MES,RAM,APUESTAS,%,EGMS
CURUZU CUATIA,2018,Enero,"3294754,18","54080940,68","93,91%",139
CURUZU CUATIA,2018,Febrero,"3089784,39","48744552,36","93,66%",126
CURUZU CUATIA,2018,Marzo,"3429902,74","58430721,74","94,13%",140
CURUZU CUATIA,2018,Abril,"3182124,03","53797465,81","94,08%",136
CURUZU CUATIA,2018,Mayo,"3040164,69","48865282,7","93,78%",141
CURUZU CUATIA,2018,Junio,"3150964,41","56763273,02","94,45%",136
CURUZU CUATIA,2018,Julio,"3962886,02","64669054,32","93,87%",131
CURUZU CUATIA,2018,Agosto,"3470845,62","54496983,53","93,63%",126
CURUZU CUATIA,2018,Septiembre,"3373955,8","53453801,04","93,69%",121
CURUZU CUATIA,2018,Octubre,"3469129,82","50476415,17","93,13%",122
CURUZU CUATIA,2018,Noviembre,"3483958,08","53296028,21","93,46%",119
CURUZU CUATIA,2018,Diciembre,"4128969,6","66125867,83","93,76%",124
CURUZU CUATIA,2019,Enero,"3915057,02","59128920,04","93,38%",124
CURUZU CUATIA,2019,Febrero,"3125668,63","50072264,68","93,76%",112
CURUZU CUATIA,2019,Marzo,"4306713,56","67850148,43","93,65%",125
CURUZU CUATIA,2019,Abril,"4262469,22","62977934,62","93,23%",123
CURUZU CUATIA,2019,Mayo,"4374955,12","63544027,7","93,12%",127
CURUZU CUATIA,2019,Junio,"4799555,27","68806675,97","93,02%",123
CURUZU CUATIA,2019,Julio,"5038515,21","65064590,36","92,26%",127
CURUZU CUATIA,2019,Agosto,"4425844,27","58870597,01","92,48%",127
CURUZU CUATIA,2019,Septiembre,"4406622,12","62329357,7","92,93%",123
CURUZU CUATIA,2019,Octubre,"4679660,88","64850772,45","92,78%",127
CURUZU CUATIA,2019,Noviembre,"4489888,11","59645576,12","92,47%",123
CURUZU CUATIA,2019,Diciembre,"5432729,36","108885968,2","95,01%",127
CURUZU CUATIA,2020,Enero,"5725563,17","77000083,18","92,56%",127
CURUZU CUATIA,2020,Febrero,"5373979,55","76714867,24","92,99%",119
CURUZU CUATIA,2020,Marzo,"2590472,46","35770608,03","92,76%",127
CURUZU CUATIA,2020,Abril,0,0,,123
CURUZU CUATIA,2020,Mayo,0,0,,127
CURUZU CUATIA,2020,Junio,0,0,,123
CURUZU CUATIA,2020,Julio,0,0,,127
CURUZU CUATIA,2020,Agosto,0,0,,127
CURUZU CUATIA,2020,Septiembre,0,0,,123
CURUZU CUATIA,2020,Octubre,"$36.355,52","$422.111,75","91,39%",127
CURUZU CUATIA,2020,Noviembre,"$1.985.703,57","$24.839.391,28","92,01%",123
CURUZU CUATIA,2020,Diciembre,"$2.733.062,66","$40.028.366,44","93,17%",127
CURUZU CUATIA,2021,Enero,"$3.213.131,56","$42.394.233,85","92,42%",127
CURUZU CUATIA,2021,Febrero,"$3.400.214,05","$46.336.005,46","92,66%",115
CURUZU CUATIA,2021,Marzo,"$1.928.495,81","$30.966.483,89","93,77%",127
CURUZU CUATIA,2021,Abril,"$2.387.337,94","$32.401.033,34","92,63%",123
CURUZU CUATIA,2021,Mayo,"$1.413.800,12","$23.220.323,53","93,91%",127
CURUZU CUATIA,2021,Junio,"$843.943,55","$12.006.335,62","92,97%",122
CURUZU CUATIA,2021,Julio,"$4.951.820,10","$64.321.867,79","92,30%",127
CURUZU CUATIA,2021,Agosto,"$5.160.182,76","$72.330.605,82","92,87%",127
CURUZU CUATIA,2021,Septiembre,"$5.512.316,24","$72.932.239,19","92,44%",123
CURUZU CUATIA,2021,Octubre,"$7.274.067,86","$103.488.882,89","92,97%",127
CURUZU CUATIA,2021,Noviembre,"$7.312.865,63","$98.227.131,52","92,56%",123
CURUZU CUATIA,2021,Diciembre,"$8.694.118,22","$119.272.114,39","92,71%",127
CURUZU CUATIA,2022,Enero,"$8.288.356,54","$97.373.790,43","91,49%",127
CURUZU CUATIA,2022,Febrero,"$8.130.315,61","$95.100.670,63","91,45%",114
CURUZU CUATIA,2022,Marzo,"$9.099.358,69","$118.075.429,35","92,29%",125
CURUZU CUATIA,2022,Abril,"$11.113.805,98","$134.256.668,31","91,72%",121
CURUZU CUATIA,2022,Mayo,"$11.629.280,24","$131.701.480,57","91,17%",125
CURUZU CUATIA,2022,Junio,"$12.305.370,25","$162.775.079,78","92,44%",121
CURUZU CUATIA,2022,Julio,"$15.736.391,23","$194.396.157,23","91,90%",125
CURUZU CUATIA,2022,Agosto,"$13.076.446,92","$173.251.303,50","92,45%",125
CURUZU CUATIA,2022,Septiembre,"$14.540.337,64","$188.420.625,01","92,28%",121
CURUZU CUATIA,2022,Octubre,"$14.075.718,89","$199.666.049,40","92,95%",125
CURUZU CUATIA,2022,Noviembre,"$13.654.454,68","$193.833.418,30","92,96%",121
CURUZU CUATIA,2022,Diciembre,"$16.297.812,91","$237.246.946,47","93,13%",125
CURUZU CUATIA,2023,Enero,"$21.766.573,68","$278.444.154,68","92,18%",127
CURUZU CUATIA,2023,Febrero,"$19.314.447,17","$233.680.924,04","91,73%",116
CURUZU CUATIA,2023,Marzo,"$18.501.671,77","$255.785.806,32","92,77%",128
CURUZU CUATIA,2023,Abril,"$23.231.306,37","$305.545.223,88","92,40%",124
CURUZU CUATIA,2023,Mayo,"$22.521.445,14","$327.691.422,37","93,13%",128
CURUZU CUATIA,2023,Junio,"$24.489.418,42","$361.430.264,26","93,22%",126
CURUZU CUATIA,2023,Julio,"$30.727.998,20","$406.475.261,52","92,44%",130
CURUZU CUATIA,2023,Agosto,"$27.842.600,95","$361.635.975,24","92,30%",131
CURUZU CUATIA,2023,Septiembre,"$28.045.497,19","$424.743.865,98","93,40%",127
CURUZU CUATIA,2023,Octubre,"$31.258.679,07","$454.471.739,25","93,12%",132
CURUZU CUATIA,2023,Noviembre,"$28.580.392,37","$441.804.455,16","93,53%",129
CURUZU CUATIA,2023,Diciembre,"$28.760.450,90","$1.883.493.297,49","98,47%",138
CURUZU CUATIA,2024,Enero,"$29.688.224,55","$536.217.854,91","94,46%",138
CURUZU CUATIA,2024,Febrero,"$24.889.683,01","$451.140.791,03","94,48%",129
CURUZU CUATIA,2024,Marzo,"$31.975.032,28","$483.697.382,72","93,39%",129
CURUZU CUATIA,2024,Abril,"$33.487.939,24","$476.783.141,43","92,98%",128
CURUZU CUATIA,2024,Mayo,"$34.266.561,62","$495.335.019,09","93,08%",128
CURUZU CUATIA,2024,Junio,"$41.105.636,86","$617.347.933,20","93,34%",127
CURUZU CUATIA,2024,Julio,"$46.973.902,88","$658.109.213,97","92,86%",127
CURUZU CUATIA,2024,Agosto,"$50.683.547,47","$699.806.576,02","92,76%",127
CURUZU CUATIA,2024,Septiembre,"$42.894.892,02","$577.404.958,35","92,57%",127
CURUZU CUATIA,2024,Octubre,"$43.555.714,84","$610.310.136,69","92,86%",129
CURUZU CUATIA,2024,Noviembre,"$46.681.409,78","$718.101.040,42","93,50%",119
CURUZU CUATIA,2024,Diciembre,"$52.206.293,94","$727.195.477,37","92,82%",103
CURUZU CUATIA,2025,Enero,"$49.881.518,48","$701.124.179,18","92,89%",103
CURUZU CUATIA,2025,Febrero,"$44.374.863,51","$634.614.559,68","93,01%",93
CURUZU CUATIA,2025,Marzo,"$51.345.652,25","$708.288.324,24","92,75%",103
CURUZU CUATIA,2025,Abril,"$46.757.935,93","$597.732.327,45","92,18%",93
CURUZU CUATIA,2025,Mayo,"$52.486.770,52","$718.010.088,73","92,69%",93
CURUZU CUATIA,2025,Junio,"$60.921.042,13","$786.109.957,83","92,25%",93
CURUZU CUATIA,2025,Julio,"$64.516.144,01","$934.780.611,33","93,10%",93
CURUZU CUATIA,2025,Agosto,"$59.843.562,42","$961.627.350,51","93,78%",93
CURUZU CUATIA,2025,Septiembre,"$68.296.993,89","$980.131.977,45","93,03%",94
CURUZU CUATIA,2025,Octubre,"$52.403.610,85","$861.708.278,52","93,92%",95
CURUZU CUATIA,2025,Noviembre,"$63.003.629,22","$888.148.502,00","92,91%",93
CURUZU CUATIA,2025,Diciembre,"$63.676.320,74","$914.161.318,63","93,03%",93
CURUZU CUATIA,2026,Enero,"$80.044.956,84","$1.089.407.585,88","92,65%",93
CURUZU CUATIA,2026,Febrero,"$63.980.170,19","$916.337.664,01","93,02%",84
CURUZU CUATIA,2026,Marzo,"$66.591.204,92","$911.969.741,86","92,70%",93
CURUZU CUATIA,2026,Abril,"$61.681.596,17","$805.070.143,51","92,34%",93
CURUZU CUATIA,2026,Mayo,"$60.873.397,09","$868.609.890,80","92,99%",93
CURUZU CUATIA,2026,Junio,"$63.694.734,77","$786.320.391,34","91,90%",93
CURUZU CUATIA,2026,Julio,"$71.205.475,64","$998.238.128,52","92,87%",87
CURUZU CUATIA,2026,Agosto,"$44.574.172,12","$701.937.926,63","93,65%",0
CURUZU CUATIA,2026,Septiembre,"$0,00","$0,00",,0
CURUZU CUATIA,2026,Octubre,"$0,00","$0,00",,0
CURUZU CUATIA,2026,Noviembre,"$0,00","$0,00",,0
CURUZU CUATIA,2026,Diciembre,"$0,00","$0,00",,0
ANEXO CCUATIA,2018,Enero,"862951,98","13416867,88","93,57%",0
ANEXO CCUATIA,2018,Febrero,"683335,85","9788647,38","93,02%",0
ANEXO CCUATIA,2018,Marzo,"913236,7","13813336,3","93,39%",0
ANEXO CCUATIA,2018,Abril,"917866,42","13294830,92","93,10%",0
ANEXO CCUATIA,2018,Mayo,"772340,57","13660745,71","94,35%",0
ANEXO CCUATIA,2018,Junio,"886936,11","14874575,72","94,04%",0
ANEXO CCUATIA,2018,Julio,"996876,63","16194851,16","93,84%",0
ANEXO CCUATIA,2018,Agosto,"782899,89","15572287,98","94,97%",0
ANEXO CCUATIA,2018,Septiembre,"906206,92","15449464,06","94,13%",0
ANEXO CCUATIA,2018,Octubre,"979193,01","13354896,15","92,67%",0
ANEXO CCUATIA,2018,Noviembre,"874599,48","11733951,1","92,55%",0
ANEXO CCUATIA,2018,Diciembre,"1119849,62","17316916,95","93,53%",0
ANEXO CCUATIA,2019,Enero,"883395,17","12990580,42","93,20%",52
ANEXO CCUATIA,2019,Febrero,"632457,03","13546282,05","95,33%",52
ANEXO CCUATIA,2019,Marzo,"1073389,47","19218188,04","94,41%",53
ANEXO CCUATIA,2019,Abril,"1222246,86","18080588,02","93,24%",54
ANEXO CCUATIA,2019,Mayo,"1316908,81","22719075,06","94,20%",54
ANEXO CCUATIA,2019,Junio,"1426118,27","21992119,15","93,52%",54
ANEXO CCUATIA,2019,Julio,"1208401,72","21468483,87","94,37%",54
ANEXO CCUATIA,2019,Agosto,"986321,39","20882703,1","95,28%",54
ANEXO CCUATIA,2019,Septiembre,"1333031,49","20430742,27","93,48%",54
ANEXO CCUATIA,2019,Octubre,"1276209,17","21214357,61","93,98%",54
ANEXO CCUATIA,2019,Noviembre,"1214371,22","16323952,55","92,56%",54
ANEXO CCUATIA,2019,Diciembre,"1075644,69","20864571,62","94,84%",54
ANEXO CCUATIA,2020,Enero,"1218638,73","19112958,63","93,62%",53
ANEXO CCUATIA,2020,Febrero,"1150275,45","17672832,8","93,49%",53
ANEXO CCUATIA,2020,Marzo,567089,"7869694,55","92,79%",53
ANEXO CCUATIA,2020,Abril,0,0,,53
ANEXO CCUATIA,2020,Mayo,0,0,,53
ANEXO CCUATIA,2020,Junio,0,0,,53
ANEXO CCUATIA,2020,Julio,0,0,,53
ANEXO CCUATIA,2020,Agosto,0,0,,53
ANEXO CCUATIA,2020,Septiembre,0,0,,53
ANEXO CCUATIA,2020,Octubre,"7250,6","130781,15","94,46%",53
ANEXO CCUATIA,2020,Noviembre,"636535,49","8207593,5","92,24%",53
ANEXO CCUATIA,2020,Diciembre,"949525,58","16066384,85","94,09%",53
ANEXO CCUATIA,2021,Enero,"1057667,04","14868581,05","92,89%",53
ANEXO CCUATIA,2021,Febrero,"968096,36","18196591,55","94,68%",53
ANEXO CCUATIA,2021,Marzo,"653121,11","8840829,4","92,61%",53
ANEXO CCUATIA,2021,Abril,"800605,05","12427263,4","93,56%",53
ANEXO CCUATIA,2021,Mayo,"914334,55",10157824,"91,00%",53
ANEXO CCUATIA,2021,Junio,"342110,85","3476150,55","90,16%",53
ANEXO CCUATIA,2021,Julio,"1743360,31","17872000,85","90,25%",53
ANEXO CCUATIA,2021,Agosto,"1671378,95","23043596,4","92,75%",53
ANEXO CCUATIA,2021,Septiembre,"1905720,25","23588642,85","91,92%",53
ANEXO CCUATIA,2021,Octubre,"1858716,21","23279623,3","92,02%",53
ANEXO CCUATIA,2021,Noviembre,"1738513,35",24096409,"92,79%",53
ANEXO CCUATIA,2021,Diciembre,"2085513,8","30434890,4","93,15%",53
ANEXO CCUATIA,2022,Enero,"1756839,75","19530456,35","91,00%",53
ANEXO CCUATIA,2022,Febrero,"1769215,45","21440846,4","91,75%",53
ANEXO CCUATIA,2022,Marzo,"2322097,33","28738125,8","91,92%",53
ANEXO CCUATIA,2022,Abril,"2333256,87","31964768,95","92,70%",53
ANEXO CCUATIA,2022,Mayo,"2470966,21",34797614,"92,90%",53
ANEXO CCUATIA,2022,Junio,"2691050,51","33024171,4","91,85%",53
ANEXO CCUATIA,2022,Julio,"2973818,96","36521949,15","91,86%",53
ANEXO CCUATIA,2022,Agosto,"2928617,82","30202739,25","90,30%",53
ANEXO CCUATIA,2022,Septiembre,"2859006,13","35973287,8","92,05%",53
ANEXO CCUATIA,2022,Octubre,"3686401,54","40491146,3","90,90%",53
ANEXO CCUATIA,2022,Noviembre,"3270820,06","37494322,7","91,28%",53
ANEXO CCUATIA,2022,Diciembre,"3348622,45","39347944,3","91,49%",53
ANEXO CCUATIA,2023,Enero,"3878957,07",42834430,"90,94%",53
ANEXO CCUATIA,2023,Febrero,"3003356,36","40244205,2","92,54%",53
ANEXO CCUATIA,2023,Marzo,4007837,"50257969,2","92,03%",53
ANEXO CCUATIA,2023,Abril,"3597265,63","52052986,15","93,09%",53
ANEXO CCUATIA,2023,Mayo,"3808642,62","45216617,95","91,58%",53
ANEXO CCUATIA,2023,Junio,"4497104,33","53503920,05","91,59%",53
ANEXO CCUATIA,2023,Julio,"4680670,32","54409085,5","91,40%",53
ANEXO CCUATIA,2023,Agosto,"5180618,7","56522796,9","90,83%",53
ANEXO CCUATIA,2023,Septiembre,"4882529,06","58223846,8","91,61%",53
ANEXO CCUATIA,2023,Octubre,"5492995,45","64038455,75","91,42%",53
ANEXO CCUATIA,2023,Noviembre,"6335423,22",65593876,"90,34%",53
ANEXO CCUATIA,2023,Diciembre,"6090025,12","70208617,24","91,33%",53
ANEXO CCUATIA,2024,Enero,"5313906,95","99853644,5","94,68%",53
ANEXO CCUATIA,2024,Febrero,"4389492,76","55835377,9","92,14%",53
ANEXO CCUATIA,2024,Marzo,"4586755,54","67585585,55","93,21%",47
ANEXO CCUATIA,2024,Abril,"6250377,5","73897613,7","91,54%",47
ANEXO CCUATIA,2024,Mayo,"7207394,24","71692019,6","89,95%",47
ANEXO CCUATIA,2024,Junio,"7201284,66","80532101,75","91,06%",47
ANEXO CCUATIA,2024,Julio,"7770481,82","94304814,95","91,76%",47
ANEXO CCUATIA,2024,Agosto,"7980332,23","89656519,95","91,10%",47
ANEXO CCUATIA,2024,Septiembre,"9364732,63","96819369,9","90,33%",47
ANEXO CCUATIA,2024,Octubre,"6767084,25","82349076,6","91,78%",47
ANEXO CCUATIA,2024,Noviembre,"7827747,33","74069250,6","89,43%",47
ANEXO CCUATIA,2024,Diciembre,"8547667,03","100841390,1","91,52%",42
ANEXO CCUATIA,2025,Enero,"9111991,92","105615657,7","91,37%",40
ANEXO CCUATIA,2025,Febrero,"8682928,93","96546799,2","91,01%",40
ANEXO CCUATIA,2025,Marzo,"10770066,08","129115903,9","91,66%",40
ANEXO CCUATIA,2025,Abril,"11220559,16","127079033,2","91,17%",40
ANEXO CCUATIA,2025,Mayo,"11157213,64",112875788,"90,12%",41
ANEXO CCUATIA,2025,Junio,"11249960,29","115686494,9","90,28%",40
ANEXO CCUATIA,2025,Julio,"14320314,1","134428009,8","89,35%",40
ANEXO CCUATIA,2025,Agosto,"12893094,3","128028690,2","89,93%",40
ANEXO CCUATIA,2025,Septiembre,"10822795,7","124978798,5","91,34%",40
ANEXO CCUATIA,2025,Octubre,"10423436,85","112205718,8","90,71%",41
ANEXO CCUATIA,2025,Noviembre,"11854122,85","132309095,1","91,04%",40
ANEXO CCUATIA,2025,Diciembre,"12524214,15","136427467,3","90,82%",39
ANEXO CCUATIA,2026,Enero,"10965806,77","117337647,2","90,65%",38
ANEXO CCUATIA,2026,Febrero,"9328000,95","96633352,1","90,35%",38
ANEXO CCUATIA,2026,Marzo,"10376171,65","116502046,9","91,09%",38
ANEXO CCUATIA,2026,Abril,"10016291,74","229771898,2","95,64%",38
ANEXO CCUATIA,2026,Mayo,"12411797,27","124486878,9","90,03%",38
ANEXO CCUATIA,2026,Junio,"11906850,35","139054204,9","91,44%",38
ANEXO CCUATIA,2026,Julio,"15105672,9","131030690,8","88,47%",38
ANEXO CCUATIA,2026,Agosto,"9273367,45","80266431,85","88,45%",38
ANEXO CCUATIA,2026,Septiembre,0,0,,0
ANEXO CCUATIA,2026,Octubre,0,0,,0
ANEXO CCUATIA,2026,Noviembre,0,0,,0
ANEXO CCUATIA,2026,Diciembre,0,0,,0
MONTE CASEROS,2025,Enero,"37437955,8","486214788,4","92,30%",77
MONTE CASEROS,2025,Febrero,"36079627,18","489197693,4","92,62%",77
MONTE CASEROS,2025,Marzo,"41959494,87","551681346,9","92,39%",77
MONTE CASEROS,2025,Abril,"40039028,09","536509217,1","92,54%",77
MONTE CASEROS,2025,Mayo,"44957564,32","584624528,1","92,31%",77
MONTE CASEROS,2025,Junio,"38465233,29","545488007,7","92,95%",77
MONTE CASEROS,2025,Julio,"46107599,21","576368253,4","92,00%",77
MONTE CASEROS,2025,Agosto,"42512621,64","595844474,6","92,87%",77
MONTE CASEROS,2025,Septiembre,"36254560,6","545406176,1","93,35%",77
MONTE CASEROS,2025,Octubre,"34462941,9","468162907,3","92,64%",77
MONTE CASEROS,2025,Noviembre,"40666969,94","574097180,1","92,92%",77
MONTE CASEROS,2025,Diciembre,"39943373,49","626789337,7","93,63%",77
MONTE CASEROS,2026,Enero,"50388677,08","648292550,1","92,23%",77
MONTE CASEROS,2026,Febrero,"42653916,68","588233432,1","92,75%",77
MONTE CASEROS,2026,Marzo,"42427855,04","588348059,4","92,79%",77
MONTE CASEROS,2026,Abril,"43878668,65",569324353,"92,29%",77
MONTE CASEROS,2026,Mayo,"39345142,64","553838836,9","92,90%",77
MONTE CASEROS,2026,Junio,"41649900,86","566215659,4","92,64%",77
MONTE CASEROS,2026,Julio,"43838540,05","527843025,4","91,69%",77
MONTE CASEROS,2026,Agosto,"25087979,36","362756810,1","93,08%",77
MONTE CASEROS,2026,Septiembre,0,0,,77
MONTE CASEROS,2026,Octubre,0,0,,77
MONTE CASEROS,2026,Noviembre,0,0,,77
MONTE CASEROS,2026,Diciembre,0,0,,77